{
    "JPYtoUSD":0.00941550,
    "JPYtoMMK":12.5107,
    "USDtoJPY":106.208,
    "USDtoMMK":1328.74,
    "MMKtoJPY":0.0799315,
    "MMKtoUSD":0.000752594
}